﻿{"cameraMode":{"drawMode":0,"name":"Shaded","section":"Shading Mode"},"sceneLighting":true,"audioPlay":false,"sceneViewState":{"m_AlwaysRefresh":true,"showFog":true,"showSkybox":true,"showFlares":true,"showImageEffects":true,"showParticleSystems":true,"showVisualEffectGraphs":true,"m_FxEnabled":true},"in2DMode":false,"pivot":{"x":-0.346432089805603,"y":-4.20076322555542,"z":57.05647659301758},"rotation":{"x":-0.056071408092975619,"y":-0.011088024824857712,"z":0.000958411255851388,"w":-0.998546838760376},"size":28.96498680114746,"orthographic":false}